INSERT INTO SZERELVENY (MOZDONYSZAM, KAPACITAS) VALUES (102345, 320);
INSERT INTO SZERELVENY (MOZDONYSZAM, KAPACITAS) VALUES (112367, 280);
INSERT INTO SZERELVENY (MOZDONYSZAM, KAPACITAS) VALUES (123456, 150);
INSERT INTO SZERELVENY (MOZDONYSZAM, KAPACITAS) VALUES (134579, 340);
INSERT INTO SZERELVENY (MOZDONYSZAM, KAPACITAS) VALUES (145321, 400);
INSERT INTO SZERELVENY (MOZDONYSZAM, KAPACITAS) VALUES (156789, 250);
INSERT INTO SZERELVENY (MOZDONYSZAM, KAPACITAS) VALUES (167890, 310);
INSERT INTO SZERELVENY (MOZDONYSZAM, KAPACITAS) VALUES (178901, 290);
INSERT INTO SZERELVENY (MOZDONYSZAM, KAPACITAS) VALUES (189012, 370);
INSERT INTO SZERELVENY (MOZDONYSZAM, KAPACITAS) VALUES (190123, 160);
INSERT INTO SZERELVENY (MOZDONYSZAM, KAPACITAS) VALUES (201234, 210);
INSERT INTO SZERELVENY (MOZDONYSZAM, KAPACITAS) VALUES (212345, 260);
INSERT INTO SZERELVENY (MOZDONYSZAM, KAPACITAS) VALUES (223456, 330);
INSERT INTO SZERELVENY (MOZDONYSZAM, KAPACITAS) VALUES (234567, 300);
INSERT INTO SZERELVENY (MOZDONYSZAM, KAPACITAS) VALUES (245678, 190);
INSERT INTO SZERELVENY (MOZDONYSZAM, KAPACITAS) VALUES (256789, 240);
INSERT INTO SZERELVENY (MOZDONYSZAM, KAPACITAS) VALUES (267890, 350);
INSERT INTO SZERELVENY (MOZDONYSZAM, KAPACITAS) VALUES (278901, 280);
INSERT INTO SZERELVENY (MOZDONYSZAM, KAPACITAS) VALUES (289012, 220);
INSERT INTO SZERELVENY (MOZDONYSZAM, KAPACITAS) VALUES (290123, 360);
INSERT INTO SZERELVENY (MOZDONYSZAM, KAPACITAS) VALUES (301234, 140);
INSERT INTO SZERELVENY (MOZDONYSZAM, KAPACITAS) VALUES (312345, 170);
INSERT INTO SZERELVENY (MOZDONYSZAM, KAPACITAS) VALUES (323456, 380);
INSERT INTO SZERELVENY (MOZDONYSZAM, KAPACITAS) VALUES (334567, 200);
INSERT INTO SZERELVENY (MOZDONYSZAM, KAPACITAS) VALUES (345678, 310);
INSERT INTO JARAT (JARATSZAM, TIPUS, SZERELVENY_MOZDONYSZAM) VALUES (1001, 'Személy', 102345);
INSERT INTO JARAT (JARATSZAM, TIPUS, SZERELVENY_MOZDONYSZAM) VALUES (1002, 'IC', 112367);
INSERT INTO JARAT (JARATSZAM, TIPUS, SZERELVENY_MOZDONYSZAM) VALUES (1003, 'Gyors', 123456);
INSERT INTO JARAT (JARATSZAM, TIPUS, SZERELVENY_MOZDONYSZAM) VALUES (1004, 'Személy', 134579);
INSERT INTO JARAT (JARATSZAM, TIPUS, SZERELVENY_MOZDONYSZAM) VALUES (1005, 'Expressz', 145321);
INSERT INTO JARAT (JARATSZAM, TIPUS, SZERELVENY_MOZDONYSZAM) VALUES (102025-05-11 06, 'Helyi', 156789);
INSERT INTO JARAT (JARATSZAM, TIPUS, SZERELVENY_MOZDONYSZAM) VALUES (102025-05-11 07, 'IC', 167890);
INSERT INTO JARAT (JARATSZAM, TIPUS, SZERELVENY_MOZDONYSZAM) VALUES (102025-05-11 08, 'Személy', 178901);
INSERT INTO JARAT (JARATSZAM, TIPUS, SZERELVENY_MOZDONYSZAM) VALUES (1009, 'Gyors', 189012);
INSERT INTO JARAT (JARATSZAM, TIPUS, SZERELVENY_MOZDONYSZAM) VALUES (1010, 'IC', 190123);
INSERT INTO JARAT (JARATSZAM, TIPUS, SZERELVENY_MOZDONYSZAM) VALUES (1011, 'Helyi', 201234);
INSERT INTO JARAT (JARATSZAM, TIPUS, SZERELVENY_MOZDONYSZAM) VALUES (1012, 'Expressz', 212345);
INSERT INTO JARAT (JARATSZAM, TIPUS, SZERELVENY_MOZDONYSZAM) VALUES (1013, 'Személy', 223456);
INSERT INTO JARAT (JARATSZAM, TIPUS, SZERELVENY_MOZDONYSZAM) VALUES (1014, 'IC', 234567);
INSERT INTO JARAT (JARATSZAM, TIPUS, SZERELVENY_MOZDONYSZAM) VALUES (1015, 'Gyors', 245678);
INSERT INTO JARAT (JARATSZAM, TIPUS, SZERELVENY_MOZDONYSZAM) VALUES (1016, 'Személy', 256789);
INSERT INTO JARAT (JARATSZAM, TIPUS, SZERELVENY_MOZDONYSZAM) VALUES (1017, 'Expressz', 267890);
INSERT INTO JARAT (JARATSZAM, TIPUS, SZERELVENY_MOZDONYSZAM) VALUES (1018, 'IC', 278901);
INSERT INTO JARAT (JARATSZAM, TIPUS, SZERELVENY_MOZDONYSZAM) VALUES (1019, 'Helyi', 289012);
INSERT INTO JARAT (JARATSZAM, TIPUS, SZERELVENY_MOZDONYSZAM) VALUES (1020, 'Gyors', 290123);
INSERT INTO JARAT (JARATSZAM, TIPUS, SZERELVENY_MOZDONYSZAM) VALUES (1021, 'IC', 301234);
INSERT INTO JARAT (JARATSZAM, TIPUS, SZERELVENY_MOZDONYSZAM) VALUES (1022, 'Személy', 312345);
INSERT INTO JARAT (JARATSZAM, TIPUS, SZERELVENY_MOZDONYSZAM) VALUES (1023, 'Gyors', 323456);
INSERT INTO JARAT (JARATSZAM, TIPUS, SZERELVENY_MOZDONYSZAM) VALUES (1024, 'IC', 334567);
INSERT INTO JARAT (JARATSZAM, TIPUS, SZERELVENY_MOZDONYSZAM) VALUES (1025, 'Expressz', 345678);
INSERT INTO ALLOMAS (ID, NEV, HELY) VALUES (1, 'Budapest-Keleti', 'Budapest');
INSERT INTO ALLOMAS (ID, NEV, HELY) VALUES (2, 'Szolnok', 'Szolnok');
INSERT INTO ALLOMAS (ID, NEV, HELY) VALUES (3, 'Kétpó', 'Kétpó');
INSERT INTO ALLOMAS (ID, NEV, HELY) VALUES (4, 'Mezőtúr', 'Mezőtúr');
INSERT INTO ALLOMAS (ID, NEV, HELY) VALUES (5, 'Gyoma', 'Gyomaendrőd');
INSERT INTO ALLOMAS (ID, NEV, HELY) VALUES (6, 'Mezőberény', 'Mezőberény');
INSERT INTO ALLOMAS (ID, NEV, HELY) VALUES (7, 'Békéscsaba', 'Békéscsaba');
INSERT INTO MEGALL (ID, JARAT_JARATSZAM, ALLOMAS_ID, ERKEZES, INDULAS) VALUES (1, 1002, 1, NULL, TO_DATE('2025-05-11 06:00', 'YYYY-MM-DD HH24:MI'));
INSERT INTO MEGALL (ID, JARAT_JARATSZAM, ALLOMAS_ID, ERKEZES, INDULAS) VALUES (2, 1002, 2, TO_DATE('2025-05-11 07:00', 'YYYY-MM-DD HH24:MI'), TO_DATE('2025-05-11 07:03', 'YYYY-MM-DD HH24:MI'));
INSERT INTO MEGALL (ID, JARAT_JARATSZAM, ALLOMAS_ID, ERKEZES, INDULAS) VALUES (3, 1002, 3, TO_DATE('2025-05-11 07:30', 'YYYY-MM-DD HH24:MI'), TO_DATE('2025-05-11 07:32', 'YYYY-MM-DD HH24:MI'));
INSERT INTO MEGALL (ID, JARAT_JARATSZAM, ALLOMAS_ID, ERKEZES, INDULAS) VALUES (4, 1002, 4, TO_DATE('2025-05-11 07:55', 'YYYY-MM-DD HH24:MI'), TO_DATE('2025-05-11 07:57', 'YYYY-MM-DD HH24:MI'));
INSERT INTO MEGALL (ID, JARAT_JARATSZAM, ALLOMAS_ID, ERKEZES, INDULAS) VALUES (5, 1002, 5, TO_DATE('2025-05-11 08:15', 'YYYY-MM-DD HH24:MI'), TO_DATE('2025-05-11 08:17', 'YYYY-MM-DD HH24:MI'));
INSERT INTO MEGALL (ID, JARAT_JARATSZAM, ALLOMAS_ID, ERKEZES, INDULAS) VALUES (6, 1002, 6, TO_DATE('2025-05-11 08:35', 'YYYY-MM-DD HH24:MI'), TO_DATE('2025-05-11 08:37', 'YYYY-MM-DD HH24:MI'));
INSERT INTO MEGALL (ID, JARAT_JARATSZAM, ALLOMAS_ID, ERKEZES, INDULAS) VALUES (7, 1002, 7, TO_DATE('2025-05-11 08:55', 'YYYY-MM-DD HH24:MI'), NULL);
INSERT INTO KEDVEZMENY (ID, tipus, merteke) VALUES (1, 'Diák', 50);
INSERT INTO KEDVEZMENY (ID, tipus, merteke) VALUES (2, 'Nyugdíjas', 30);
INSERT INTO KEDVEZMENY (ID, tipus, merteke) VALUES (3, 'Családi', 20);
INSERT INTO KEDVEZMENY (ID, tipus, merteke) VALUES (4, 'Helyi kedvezmény', 15);
INSERT INTO KEDVEZMENY (ID, tipus, merteke) VALUES (5, 'Hűséges utas', 10);
INSERT INTO KEDVEZMENY (ID, tipus, merteke) VALUES (6, 'Korai foglalás', 25);
INSERT INTO KEDVEZMENY (ID, tipus, merteke) VALUES (7, 'Csoportos', 35);
INSERT INTO KEDVEZMENY (ID, tipus, merteke) VALUES (8, 'Fogyatékos', 60);
INSERT INTO KEDVEZMENY (ID, tipus, merteke) VALUES (9, 'Kisgyermekes', 40);
INSERT INTO KEDVEZMENY (ID, tipus, merteke) VALUES (10, 'Vasutas', 70);
INSERT INTO ALLOMAS (ID, NEV, HELY) VALUES (14, 'Fényes', 'Fényes');
INSERT INTO ALLOMAS (ID, NEV, HELY) VALUES (15, 'Gyula', 'Gyula');
INSERT INTO ALLOMAS (ID, NEV, HELY) VALUES (16, 'József Szanatórium', 'Gyula');
INSERT INTO ALLOMAS (ID, NEV, HELY) VALUES (17, 'Sarkadi Cukorgyár', 'Sarkad');
INSERT INTO ALLOMAS (ID, NEV, HELY) VALUES (18, 'Kötegyán', 'Kötegyán');
INSERT INTO ALLOMAS (ID, NEV, HELY) VALUES (19, 'Mehkerék', 'Mehkerék');
INSERT INTO ALLOMAS (ID, NEV, HELY) VALUES (20, 'Sarkadkeresztúr', 'Sarkadkeresztúr');
INSERT INTO MEGALL (ID, JARAT_JARATSZAM, ALLOMAS_ID, ERKEZES, INDULAS) VALUES (21, 1001, 8, NULL, TO_DATE('2025-05-11 2025-05-11 06:00', 'YYYY-MM-DD HH24:MI')); -- Békéscsaba indulás
INSERT INTO MEGALL (ID, JARAT_JARATSZAM, ALLOMAS_ID, ERKEZES, INDULAS) VALUES (22, 1001, 14, TO_DATE('2025-05-11 06:15', 'YYYY-MM-DD HH24:MI'), TO_DATE('2025-05-11 06:16', 'YYYY-MM-DD HH24:MI')); -- Fényes
INSERT INTO MEGALL (ID, JARAT_JARATSZAM, ALLOMAS_ID, ERKEZES, INDULAS) VALUES (23, 1001, 15, TO_DATE('2025-05-11 06:30', 'YYYY-MM-DD HH24:MI'), TO_DATE('2025-05-11 06:32', 'YYYY-MM-DD HH24:MI')); -- Gyula
INSERT INTO MEGALL (ID, JARAT_JARATSZAM, ALLOMAS_ID, ERKEZES, INDULAS) VALUES (24, 1001, 16, TO_DATE('2025-05-11 06:40', 'YYYY-MM-DD HH24:MI'), TO_DATE('2025-05-11 06:41', 'YYYY-MM-DD HH24:MI')); -- József Szanatórium
INSERT INTO MEGALL (ID, JARAT_JARATSZAM, ALLOMAS_ID, ERKEZES, INDULAS) VALUES (25, 1001, 17, TO_DATE('2025-05-11 06:55', 'YYYY-MM-DD HH24:MI'), TO_DATE('2025-05-11 06:56', 'YYYY-MM-DD HH24:MI')); -- Sarkadi Cukorgyár
INSERT INTO MEGALL (ID, JARAT_JARATSZAM, ALLOMAS_ID, ERKEZES, INDULAS) VALUES (26, 1001, 12, TO_DATE('2025-05-11 07:05', 'YYYY-MM-DD HH24:MI'), TO_DATE('2025-05-11 07:07', 'YYYY-MM-DD HH24:MI')); -- Sarkad
INSERT INTO MEGALL (ID, JARAT_JARATSZAM, ALLOMAS_ID, ERKEZES, INDULAS) VALUES (27, 1001, 18, TO_DATE('2025-05-11 07:20', 'YYYY-MM-DD HH24:MI'), TO_DATE('2025-05-11 07:21', 'YYYY-MM-DD HH24:MI')); -- Köfegyán
INSERT INTO MEGALL (ID, JARAT_JARATSZAM, ALLOMAS_ID, ERKEZES, INDULAS) VALUES (28, 1001, 19, TO_DATE('2025-05-11 07:30', 'YYYY-MM-DD HH24:MI'), TO_DATE('2025-05-11 07:31', 'YYYY-MM-DD HH24:MI')); -- Mehkerék
INSERT INTO MEGALL (ID, JARAT_JARATSZAM, ALLOMAS_ID, ERKEZES, INDULAS) VALUES (29, 1001, 20, TO_DATE('2025-05-11 07:40', 'YYYY-MM-DD HH24:MI'), TO_DATE('2025-05-11 07:41', 'YYYY-MM-DD HH24:MI')); -- Sarkadkeresztúr
INSERT INTO MEGALL (ID, JARAT_JARATSZAM, ALLOMAS_ID, ERKEZES, INDULAS) VALUES (30, 1001, 11, TO_DATE('2025-05-11 07:55', 'YYYY-MM-DD HH24:MI'), TO_DATE('2025-05-11 07:56', 'YYYY-MM-DD HH24:MI')); -- Okány
INSERT INTO MEGALL (ID, JARAT_JARATSZAM, ALLOMAS_ID, ERKEZES, INDULAS) VALUES (31, 1001, 13, TO_DATE('2025-05-11 08:15', 'YYYY-MM-DD HH24:MI'), NULL); -- Vésztő végállomás
INSERT INTO ALLOMAS (ID, NEV, HELY) VALUES (21, 'Telekgerendás', 'Telekgerendás');
INSERT INTO ALLOMAS (ID, NEV, HELY) VALUES (22, 'Csorvás alsó', 'Csorvás');
INSERT INTO ALLOMAS (ID, NEV, HELY) VALUES (23, 'Csorvás', 'Csorvás');
INSERT INTO ALLOMAS (ID, NEV, HELY) VALUES (24, 'Orosházi tanyák', 'Orosháza');
INSERT INTO ALLOMAS (ID, NEV, HELY) VALUES (25, 'Orosháza', 'Orosháza');
INSERT INTO ALLOMAS (ID, NEV, HELY) VALUES (26, 'Székkutas', 'Székkutas');
INSERT INTO ALLOMAS (ID, NEV, HELY) VALUES (27, 'Kútvölgy', 'Kútvölgy');
INSERT INTO ALLOMAS (ID, NEV, HELY) VALUES (28, 'Hódmezővásárhely', 'Hódmezővásárhely');
INSERT INTO ALLOMAS (ID, NEV, HELY) VALUES (29, 'Hódmezővásárhelyi Népkert', 'Hódmezővásárhely');
INSERT INTO ALLOMAS (ID, NEV, HELY) VALUES (30, 'Szeged-Rókus', 'Szeged');
INSERT INTO ALLOMAS (ID, NEV, HELY) VALUES (31, 'Szeged', 'Szeged');
INSERT INTO MEGALL (ID, JARAT_JARATSZAM, ALLOMAS_ID, ERKEZES, INDULAS) VALUES (32, 1004, 15, NULL, TO_DATE('05:30', 'YYYY-MM-DD HH24:MI')); -- Gyula indulás
INSERT INTO MEGALL (ID, JARAT_JARATSZAM, ALLOMAS_ID, ERKEZES, INDULAS) VALUES (33, 1004, 8, TO_DATE('05:50', 'YYYY-MM-DD HH24:MI'), TO_DATE('05:52', 'YYYY-MM-DD HH24:MI')); -- Békéscsaba
INSERT INTO MEGALL (ID, JARAT_JARATSZAM, ALLOMAS_ID, ERKEZES, INDULAS) VALUES (34, 1004, 21, TO_DATE('2025-05-11 06:10', 'YYYY-MM-DD HH24:MI'), TO_DATE('2025-05-11 06:11', 'YYYY-MM-DD HH24:MI')); -- Telekgerendás
INSERT INTO MEGALL (ID, JARAT_JARATSZAM, ALLOMAS_ID, ERKEZES, INDULAS) VALUES (35, 1004, 22, TO_DATE('2025-05-11 06:25', 'YYYY-MM-DD HH24:MI'), TO_DATE('2025-05-11 06:26', 'YYYY-MM-DD HH24:MI')); -- Csorvás alsó
INSERT INTO MEGALL (ID, JARAT_JARATSZAM, ALLOMAS_ID, ERKEZES, INDULAS) VALUES (36, 1004, 23, TO_DATE('2025-05-11 06:35', 'YYYY-MM-DD HH24:MI'), TO_DATE('2025-05-11 06:36', 'YYYY-MM-DD HH24:MI')); -- Csorvás
INSERT INTO MEGALL (ID, JARAT_JARATSZAM, ALLOMAS_ID, ERKEZES, INDULAS) VALUES (37, 1004, 24, TO_DATE('2025-05-11 06:50', 'YYYY-MM-DD HH24:MI'), TO_DATE('2025-05-11 06:51', 'YYYY-MM-DD HH24:MI')); -- Orosházi tanyák
INSERT INTO MEGALL (ID, JARAT_JARATSZAM, ALLOMAS_ID, ERKEZES, INDULAS) VALUES (38, 1004, 25, TO_DATE('2025-05-11 07:05', 'YYYY-MM-DD HH24:MI'), TO_DATE('2025-05-11 07:07', 'YYYY-MM-DD HH24:MI')); -- Orosháza
INSERT INTO MEGALL (ID, JARAT_JARATSZAM, ALLOMAS_ID, ERKEZES, INDULAS) VALUES (39, 1004, 26, TO_DATE('2025-05-11 07:25', 'YYYY-MM-DD HH24:MI'), TO_DATE('2025-05-11 07:26', 'YYYY-MM-DD HH24:MI')); -- Székkutas
INSERT INTO MEGALL (ID, JARAT_JARATSZAM, ALLOMAS_ID, ERKEZES, INDULAS) VALUES (40, 1004, 27, TO_DATE('2025-05-11 07:40', 'YYYY-MM-DD HH24:MI'), TO_DATE('2025-05-11 07:41', 'YYYY-MM-DD HH24:MI')); -- Kútvölgy
INSERT INTO MEGALL (ID, JARAT_JARATSZAM, ALLOMAS_ID, ERKEZES, INDULAS) VALUES (41, 1004, 28, TO_DATE('2025-05-11 08:00', 'YYYY-MM-DD HH24:MI'), TO_DATE('2025-05-11 08:02', 'YYYY-MM-DD HH24:MI')); -- Hódmezővásárhely
INSERT INTO MEGALL (ID, JARAT_JARATSZAM, ALLOMAS_ID, ERKEZES, INDULAS) VALUES (42, 1004, 29, TO_DATE('2025-05-11 08:15', 'YYYY-MM-DD HH24:MI'), TO_DATE('2025-05-11 08:16', 'YYYY-MM-DD HH24:MI')); -- Hódmezővásárhelyi Népkert
INSERT INTO MEGALL (ID, JARAT_JARATSZAM, ALLOMAS_ID, ERKEZES, INDULAS) VALUES (43, 1004, 30, TO_DATE('2025-05-11 08:40', 'YYYY-MM-DD HH24:MI'), TO_DATE('2025-05-11 08:41', 'YYYY-MM-DD HH24:MI')); -- Szeged-Rókusz
INSERT INTO MEGALL (ID, JARAT_JARATSZAM, ALLOMAS_ID, ERKEZES, INDULAS) VALUES (44, 1004, 31, TO_DATE('2025-05-11 08:55', 'YYYY-MM-DD HH24:MI'), NULL); -- Szeged végállomás
INSERT INTO ALLOMAS (ID, NEV, HELY) VALUES (32, 'Budapest-Keleti', 'Budapest');
INSERT INTO ALLOMAS (ID, NEV, HELY) VALUES (33, 'Hatvan', 'Hatvan');
INSERT INTO ALLOMAS (ID, NEV, HELY) VALUES (34, 'Füzesabony', 'Füzesabony');
INSERT INTO ALLOMAS (ID, NEV, HELY) VALUES (35, 'Miskolc-Tiszai', 'Miskolc');
INSERT INTO ALLOMAS (ID, NEV, HELY) VALUES (36, 'Szerencs', 'Szerencs');
INSERT INTO ALLOMAS (ID, NEV, HELY) VALUES (37, 'Tokaj', 'Tokaj');
INSERT INTO ALLOMAS (ID, NEV, HELY) VALUES (38, 'Nyíregyháza', 'Nyíregyháza');
INSERT INTO ALLOMAS (ID, NEV, HELY) VALUES (39, 'Debrecen', 'Debrecen');
INSERT INTO ALLOMAS (ID, NEV, HELY) VALUES (40, 'Hajdúszoboszló', 'Hajdúszoboszló');
INSERT INTO ALLOMAS (ID, NEV, HELY) VALUES (41, 'Püspökladány', 'Püspökladány');
INSERT INTO ALLOMAS (ID, NEV, HELY) VALUES (42, 'Szolnok', 'Szolnok');
INSERT INTO ALLOMAS (ID, NEV, HELY) VALUES (43, 'Cegléd', 'Cegléd');
INSERT INTO ALLOMAS (ID, NEV, HELY) VALUES (44, 'Ferihegy', 'Budapest');
INSERT INTO ALLOMAS (ID, NEV, HELY) VALUES (45, 'Kőbánya-Kispest', 'Budapest');
INSERT INTO ALLOMAS (ID, NEV, HELY) VALUES (46, 'Zugló', 'Budapest');
INSERT INTO ALLOMAS (ID, NEV, HELY) VALUES (47, 'Budapest-Nyugati', 'Budapest');
INSERT INTO MEGALL (ID, JARAT_JARATSZAM, ALLOMAS_ID, ERKEZES, INDULAS) VALUES (60, 1010, 32, NULL, TO_DATE('2025-05-11 10:00', 'YYYY-MM-DD HH24:MI')); -- Budapest-Keleti indulás
INSERT INTO MEGALL (ID, JARAT_JARATSZAM, ALLOMAS_ID, ERKEZES, INDULAS) VALUES (61, 1010, 46, TO_DATE('2025-05-11 10:10', 'YYYY-MM-DD HH24:MI'), TO_DATE('2025-05-11 10:11', 'YYYY-MM-DD HH24:MI')); -- Zugló
INSERT INTO MEGALL (ID, JARAT_JARATSZAM, ALLOMAS_ID, ERKEZES, INDULAS) VALUES (62, 1010, 45, TO_DATE('2025-05-11 10:20', 'YYYY-MM-DD HH24:MI'), TO_DATE('2025-05-11 10:21', 'YYYY-MM-DD HH24:MI')); -- Kőbánya-Kispest
INSERT INTO MEGALL (ID, JARAT_JARATSZAM, ALLOMAS_ID, ERKEZES, INDULAS) VALUES (63, 1010, 44, TO_DATE('2025-05-11 10:30', 'YYYY-MM-DD HH24:MI'), TO_DATE('2025-05-11 10:31', 'YYYY-MM-DD HH24:MI')); -- Ferihegy
INSERT INTO MEGALL (ID, JARAT_JARATSZAM, ALLOMAS_ID, ERKEZES, INDULAS) VALUES (64, 1010, 43, TO_DATE('2025-05-11 10:50', 'YYYY-MM-DD HH24:MI'), TO_DATE('2025-05-11 10:52', 'YYYY-MM-DD HH24:MI')); -- Cegléd
INSERT INTO MEGALL (ID, JARAT_JARATSZAM, ALLOMAS_ID, ERKEZES, INDULAS) VALUES (65, 1010, 42, TO_DATE('2025-05-11 11:20', 'YYYY-MM-DD HH24:MI'), TO_DATE('2025-05-11 11:22', 'YYYY-MM-DD HH24:MI')); -- Szolnok
INSERT INTO MEGALL (ID, JARAT_JARATSZAM, ALLOMAS_ID, ERKEZES, INDULAS) VALUES (66, 1010, 33, TO_DATE('2025-05-11 12:00', 'YYYY-MM-DD HH24:MI'), TO_DATE('2025-05-11 12:02', 'YYYY-MM-DD HH24:MI')); -- Hatvan
INSERT INTO MEGALL (ID, JARAT_JARATSZAM, ALLOMAS_ID, ERKEZES, INDULAS) VALUES (67, 1010, 34, TO_DATE('2025-05-11 12:30', 'YYYY-MM-DD HH24:MI'), TO_DATE('2025-05-11 12:32', 'YYYY-MM-DD HH24:MI')); -- Füzesabony
INSERT INTO MEGALL (ID, JARAT_JARATSZAM, ALLOMAS_ID, ERKEZES, INDULAS) VALUES (68, 1010, 35, TO_DATE('2025-05-11 13:15', 'YYYY-MM-DD HH24:MI'), TO_DATE('2025-05-11 13:17', 'YYYY-MM-DD HH24:MI')); -- Miskolc-Tiszai
INSERT INTO MEGALL (ID, JARAT_JARATSZAM, ALLOMAS_ID, ERKEZES, INDULAS) VALUES (69, 1010, 36, TO_DATE('2025-05-11 13:45', 'YYYY-MM-DD HH24:MI'), TO_DATE('2025-05-11 13:46', 'YYYY-MM-DD HH24:MI')); -- Szerencs
INSERT INTO MEGALL (ID, JARAT_JARATSZAM, ALLOMAS_ID, ERKEZES, INDULAS) VALUES (70, 1010, 37, TO_DATE('2025-05-11 14:00', 'YYYY-MM-DD HH24:MI'), TO_DATE('2025-05-11 14:01', 'YYYY-MM-DD HH24:MI')); -- Tokaj
INSERT INTO MEGALL (ID, JARAT_JARATSZAM, ALLOMAS_ID, ERKEZES, INDULAS) VALUES (71, 1010, 38, TO_DATE('2025-05-11 14:30', 'YYYY-MM-DD HH24:MI'), TO_DATE('2025-05-11 14:32', 'YYYY-MM-DD HH24:MI')); -- Nyíregyháza
INSERT INTO MEGALL (ID, JARAT_JARATSZAM, ALLOMAS_ID, ERKEZES, INDULAS) VALUES (72, 1010, 39, TO_DATE('2025-05-11 15:00', 'YYYY-MM-DD HH24:MI'), NULL); -- Debrecen végállomás